{"VAE_accuracy": 0.9735099077224731, "PCA_accuracy": 0.8278145790100098, "ICA_accuracy": 0.3675496578216553, "_runtime": 330, "_timestamp": 1616760600, "_step": 0}