{"VAE_accuracy": 0.9668874144554138, "PCA_accuracy": 0.8013244867324829, "ICA_accuracy": 0.6622516512870789, "_runtime": 262, "_timestamp": 1616760952, "_step": 0}